{"cameraMode":{"drawMode":0,"name":"Shaded","section":"Shading Mode"},"sceneLighting":true,"audioPlay":false,"sceneViewState":{"m_AlwaysRefresh":false,"showFog":true,"showSkybox":true,"showFlares":true,"showImageEffects":true,"showParticleSystems":true,"showVisualEffectGraphs":true,"m_FxEnabled":true},"in2DMode":false,"pivot":{"x":0.6351159811019898,"y":1.1290466785430909,"z":1.1206660270690919},"rotation":{"x":0.2604052722454071,"y":0.5943584442138672,"z":-0.2117946743965149,"w":0.7307837009429932},"size":0.8877632021903992,"orthographic":false}